user_id,is_active
61942bf5-8039-4769-b9be-ab0297ba8374,TRUE
3bda8a5b-53bc-4e2b-9e29-311f9e5dd6b5,TRUE
ae856347-9825-4fbc-9e96-6dadea238f8a,FALSE
5e97ca7b-93c6-45cf-b466-d1c28f8e290b,FALSE
f29ca9be-7bbb-40cb-a994-d53dc8602ef6,TRUE
1f4d5958-6437-408f-9c7b-1affa6e82f8f,TRUE
8861345b-18f0-404a-bc4b-79c59912ad76,TRUE
ac6dfb62-2f22-46e3-ac67-11545c5d5ab0,FALSE
8f0a8041-1c3a-46d6-9526-1e873dbb542c,TRUE
07856401-0b67-4667-99bc-a7e380118b91,TRUE
c943569b-c813-45ae-97ef-efbe2c50a6b1,TRUE
732c311c-6649-4e5d-8819-92bc91ee14f8,TRUE
7bef956e-fc18-4193-b94e-dc090ae8e48e,TRUE
8aa9940d-f338-445e-acf0-9f28f481ef76,TRUE
951e857c-0e2c-45f0-98a5-e478421056ce,TRUE
1a49e50f-c01c-46c5-aff2-9a7f927cbb8c,TRUE
252de462-254d-4203-af62-cfa1d75cc91d,TRUE
484b9dae-9a1c-4c3f-8e3c-d47312c7c6ee,TRUE
21eecd42-24cf-4a3e-9e78-6823f5d3d896,TRUE
1ee3bc45-36d6-4fb0-8a7e-2df31cf15dba,TRUE
c57bd858-316f-4b73-87a8-702f17521e7e,TRUE
00e1a11d-ac14-4029-941c-d727a71a571b,TRUE
46c4c24e-308a-461d-9f67-abfc08d84310,TRUE
b243a97e-5002-4ed7-b56d-fa85b60f3503,TRUE
69fa7986-683a-46c4-8fc2-d27b34b5f0a7,TRUE
2955faf3-0c92-4638-9c4b-4d69448dd22e,FALSE
a1b2255f-f721-463d-85eb-272433ac69ce,TRUE
4e96ffe3-6960-4643-8c84-d9fed16acbea,TRUE
392b7f9b-5216-4280-9587-c2fde92bad9d,FALSE
e30d11a5-a844-485e-bcc2-5203fd661612,TRUE
8fb1b177-2532-4f7c-8e99-52198de47b82,TRUE
4084a50b-2593-4e70-8762-f9ac7cf0eac5,TRUE
870912f1-70fe-4e00-8ad3-9365168d9ba4,TRUE
5e38a424-993d-4299-bc0e-93b8f2d4a503,TRUE
3ed0519b-9bbe-4db8-bc26-be13ca7b23c4,TRUE
446ad071-339c-467c-9a54-9820c963e75c,TRUE
2131b4ba-2ef2-4f68-83f6-7b6152fed535,TRUE
91fd76c3-55f6-44a7-9b69-99ae18a6843b,TRUE
e4616b41-1146-4995-981d-4b88a5643ded,TRUE
a9c98668-57d5-4d50-872d-a327a4caebe0,TRUE
4706ee8e-48a8-4b43-845b-770dd3c6c1ef,TRUE
e00b1fe8-317b-41fe-b560-de108955904f,TRUE
d1d06e67-cace-4f08-9efc-7153059cea61,TRUE
eea81c06-d65c-4082-a3b7-4c03c2a62bca,TRUE
33266475-91e5-4323-a59e-4c5c956393a2,TRUE
bc5a2bcb-7cef-48fb-9510-a15156cbdbc0,TRUE
d036d377-fbc6-48a1-907b-b6c16bc0e8fb,TRUE
3ac3d820-27ee-4781-adb2-5d89d5d7be07,TRUE
ddb98c80-ec9d-44de-8a70-6b1aa7f73df1,TRUE
f3159e5e-240f-442d-b842-4e5048a28448,TRUE
4b9c8c66-960e-4d1d-8108-1358033a5a8e,TRUE
c558bd94-314a-45c3-9081-38bba7b29dca,TRUE
c56786a0-4f7b-417c-96f1-b53b67b950ac,TRUE
4ed4e466-f615-41b7-bf14-74d38253b28a,TRUE
1d301f57-b4e0-496d-b1a5-16e2552476f0,TRUE
7d2917b7-d079-4df0-b38d-45d39d4805f6,TRUE
3ae5f17d-a989-482d-8f79-b9da2e92d845,TRUE
f8444c1c-df77-48da-ba97-4c03f7496d3f,FALSE
0ae7c7d3-3921-49d7-83ef-e599695b0ef6,TRUE
2e92c780-ed07-4290-b050-26a7445c9c98,TRUE
0c5dc014-15ea-4efd-b79b-3b38216404c6,TRUE
5ce23569-fcda-4786-b218-638c6a200c45,TRUE
994ef459-905c-4682-8d21-f5b9d49fc84d,TRUE
a5cded3c-a663-4b29-893b-bac3244e9c6e,TRUE
2fd30716-2e47-49b7-b7ed-e77bb1da5298,TRUE
a418fbfa-64ac-4e79-b9f0-ee48bdee8ae5,TRUE
a11a6780-d14d-4d09-8723-11b70b139b22,TRUE
bc7bff25-b67b-49e3-bc3d-566e4bab6581,TRUE
5b87f32e-0528-4357-8e54-a4cea1768e32,TRUE
008640d9-39d8-42e0-a0df-391740b78379,TRUE
6e1ed75b-ce08-47e1-9429-042008c7a8ce,TRUE
d47c9981-0aed-4aaf-b08c-c7342bd3f7cb,TRUE
2148c751-3a06-448e-8fdd-d0ee556b0dbc,FALSE
6d43b7ce-7e3e-4e33-b96f-b6c39a3f3159,FALSE
cc6630b4-27dc-45b7-93b7-4d52d39f5a86,TRUE
b9f633de-efc7-43ac-b3b6-ce4893122266,TRUE
950f42d8-0b07-4dca-a477-aef4b39f85d7,TRUE
15123e63-6abf-4c23-9421-9dabd28e4046,TRUE
e3417e2d-f640-4139-82c1-90d9f63950b8,FALSE
3c72da88-9039-4896-9c9a-2490aecc492a,TRUE
8f646eae-427d-4b0d-8d56-26558f082840,TRUE
2ad129f1-4a55-4f47-b811-827cc264e1d1,TRUE
daa64cb2-1ceb-424c-b7e7-c2b64b60e895,TRUE
0a4ac545-b973-40f4-adc3-3e4d196e3e38,TRUE
34bf4568-101b-4967-8e29-4fb0bfc16f15,TRUE
d883b187-7ade-4473-be69-080426950a69,TRUE
c50e4777-eac9-4945-99b0-1815d0dfce77,TRUE
98428f8e-f268-4d3c-98cb-57b9a2305ee0,TRUE
280860ae-799c-44ad-95cb-ebb33d446d61,TRUE
5e051cae-756e-4cac-bd61-6fcc14784221,TRUE
d97afc90-e0ef-4718-962b-3030d580ace1,TRUE
3eb75c59-9f8f-4da7-aef0-b28678506962,TRUE
95c55acf-fbbe-4d3b-94da-bc34fd12cfbf,TRUE
29cdbe5f-ec33-4a5a-845f-adfbb341b4d7,TRUE
33eb47a1-84f5-47bf-8e97-ce54724021fe,TRUE
30a20828-bcec-4e10-9561-d64c399c7b7b,TRUE
ceed5880-f65d-45b4-a4fc-79506c360d00,TRUE
48f68157-5c47-4502-a9a9-1fa2653e5a69,TRUE
112337c4-218c-4ae7-a4a1-15f72dcfaf21,TRUE
434fa7ec-ffec-4c06-81ee-196c67b48aca,TRUE
f0081cba-081b-4fda-ab1e-9fe0aa24adad,TRUE
67427352-11cd-4dc6-8174-e04f84a73990,TRUE
5fcb9aa4-0fe3-46fb-9470-0f69d8b1ff83,TRUE
5ac282c7-252f-4b64-880e-18d0c7a2cfd9,TRUE
fd226371-8575-42dc-b776-22ddd7d2fd5f,TRUE
25fdce58-c755-4f53-a2c9-e659125096e8,TRUE
81801a4b-bc09-4feb-92d9-342029c995be,TRUE
b0ceef98-c5a9-4530-a936-2cfd90da639e,TRUE
20300422-3455-4b30-9d1c-b096f61539f2,TRUE
94c4c2d7-d491-4b9d-b371-ff641fcc7d29,TRUE
8de9e746-189f-44fb-a0f8-8a0e4717c5ca,TRUE
97d5b4bd-f917-4e23-8740-410336965332,TRUE
8a0a683b-c8e2-42b1-a197-9981af0e130f,TRUE
9f6e595d-73c4-45ec-bd5f-a06a76098882,TRUE
0b9b3b5a-8cb6-4aed-849e-b2b529d257d1,TRUE
07126b2b-67ee-443d-9b7d-39c91289ed6f,FALSE
21b900c7-eea9-46b8-854a-2296a9e51d88,TRUE
4bb86165-9957-4291-bff6-39682aff48d2,TRUE
0caadecd-b0d4-4886-828e-da21c5527ae2,FALSE
d3d0c018-e79c-43db-ab77-e93e97aa4714,TRUE
36d13453-c29a-406a-aed0-89475aeb7ac8,TRUE
501ab9fe-420d-4b0b-b42d-5d05b6731ba4,TRUE
2b181d00-4ce1-4d0b-a072-c842de5b7867,TRUE
f1971853-c9f1-4d19-92e3-c3e04e703656,TRUE
3925937e-7cd6-4771-9881-eb081b475e1d,TRUE
a07c7229-c01e-42df-9125-e59bc4dab31d,TRUE
846c5a7a-8fb2-40fe-a0be-c6fac15a09fe,TRUE
ccf8ac4a-6e4c-40d1-806f-fe1744c8cb27,TRUE
94b6ec30-cfd4-439c-a213-2e4f2704b3b1,TRUE
3233f4d0-4ad7-454b-b0af-4a297d9fe0a3,TRUE
547c559f-235a-4a3a-9c88-75accd6778d2,TRUE
5caaf846-929b-49ea-8ffc-e6f2869176ad,TRUE
50f6594e-b852-4cc7-b404-520ba875f471,TRUE
b718c030-2b11-4e7c-8be3-afaa2cd7ae23,TRUE
cd5a986b-f761-499a-86b0-4349705ec86e,TRUE
59f3e050-e711-4ac6-888b-b985a0b66f3e,TRUE
408d15ae-2c06-4abd-a5e7-fd06f7eec8eb,TRUE
cb59db5f-66e5-4fb8-ab98-75b20f42c4dc,TRUE
0bdc61b2-6acc-4f37-a604-11d013aee07d,TRUE
ab6f6e0d-2853-4814-9f85-ea59a261f932,TRUE
7da7acd3-97d3-449a-ad82-56f6789b62e5,TRUE
293dd0af-0b04-411f-9c4b-e4d547ad4d13,TRUE
9f072fe2-c8c0-48ce-9a27-10a2e60db111,TRUE
56a4873d-5edc-40b7-af9f-3402144334a1,TRUE
609c1766-ad2b-43e4-92ec-f96c54504269,TRUE
9e2a7f0f-e7ea-4336-a009-fc216d34249b,TRUE
15993570-0842-4668-95b9-469ffcbf6ffd,TRUE
473bf0f6-89d9-4bcd-9bf2-718de4c73e12,TRUE
956f917f-df06-4182-8399-695af394c357,TRUE
f1135b9b-b38d-4cbb-84f1-51fcf9fd4425,TRUE
09cfe437-3ce9-47bb-a873-4b9271dbea0a,TRUE
74dcc203-7b08-4ac1-8990-6f59fc87ed41,TRUE
413a720f-5126-4ad9-be85-12f52b3e57a0,TRUE
c9a905c4-3d46-48f3-b915-8ccda0ddb689,TRUE
574c1a94-2ae9-448c-81a1-6fcaec504d71,TRUE
2add7b27-c598-4856-8824-8a7c3eecda67,TRUE
0932254d-2a97-46ff-b356-4860cca0c730,TRUE
4349d883-c995-47dc-95be-26445b72969d,TRUE
67912097-8c18-4f4c-9a5f-79c519a21187,TRUE
15ce33c9-deb2-45ba-b876-16afc5ef85a0,TRUE
4d39da60-38a1-488c-bebd-e919c43d89ed,TRUE
0dc3999c-4a3f-45c7-85a1-ce5968e5da40,TRUE
8cf79e43-288b-4bdc-aa37-250154eccc6a,TRUE
98db85c9-91d9-47a0-a2a7-349747de5acb,FALSE
65077bb8-0537-4909-a1e1-e15ba9836ede,TRUE
e7f2b745-3270-4699-a844-a848a44df5dc,TRUE
4a066d73-d65e-42fd-9725-f25ec969c6c6,TRUE
2c1e6feb-b66a-4614-a31a-c7002ee059ee,TRUE
356ee2e9-b8ce-4db9-be49-f4e94e10b562,TRUE
bb5ace82-76c0-4694-836c-93d96e51f4f3,FALSE
3be2abd6-6ce6-4b69-ac81-33df1bf31415,FALSE
e0222931-caa9-42b5-bb67-0e817899a870,TRUE
04ec0d68-fad6-4ba6-946d-295d77bbb5b2,TRUE
3485abdb-c188-4224-a209-581601265d34,TRUE
5d51e4d8-005e-46aa-b441-80d8185ce40b,FALSE
79f1ca84-d091-4bcf-9f44-7368a96ee34e,FALSE
2b93581f-a123-420a-b8a9-1dda88f5abda,TRUE
46f6ea93-1ce0-44ac-8dac-03bacee66602,TRUE
b603edd7-9045-45f4-a0bb-a29a90e00074,FALSE
113abdff-b475-40d7-bade-8c0377cc49c8,TRUE
5d24588e-9064-4efd-b154-4d13c76292aa,TRUE
a490a86f-c545-40bb-bcc8-0a23334eaa53,TRUE
4647eede-f748-473b-b748-db897965f321,TRUE
42ba77aa-95de-4970-a8d3-df7668a45bab,TRUE
bcf1c77f-529d-4589-9edd-eae7df30620f,FALSE
d4a1f532-07d9-42f5-8494-df393ce835cc,TRUE
513d34fd-bf37-4278-b3ec-ea5193f9fb16,TRUE
82646af2-9a68-48c2-92c4-912c63f6da31,TRUE
0c555a43-f374-4910-abba-76ab4008c994,TRUE
8dcf9b41-574a-472a-a33a-acad9b60c065,TRUE
3b6159be-8d80-4dee-87ca-7dad0e30c816,TRUE
5a9a3f1e-0ad1-4e85-b80a-70c4155001d2,TRUE
c0b81378-fe13-4a4e-a90e-bd79d6ac5af6,TRUE
03590d0d-80d6-452a-be7c-f3d93ec4ac38,TRUE
6ec739bc-ccd4-467b-b0f8-aa0f3bbf4b1e,FALSE
6a107463-ec9c-4cf7-853c-c201d6bcbabf,TRUE
d716045b-1389-4d85-b872-ddd42e93f944,TRUE
3e37598a-97ab-45fe-82ec-9f836e5ed6fe,TRUE
9f361c70-20e1-49c3-963c-66832863a1e2,FALSE
667f7faf-4c67-4cf1-87fb-b650086c1919,TRUE
b39056f4-bb1b-4b8c-8420-deb3894a47a8,TRUE
3f0408e6-8416-4e86-ba50-a7374efb37d9,TRUE
1f215b3d-0563-40e0-804a-d8162c375b2d,TRUE
7df9cda8-66f0-4eb2-a603-a94483998066,TRUE
b271eba7-4fba-42a9-9b10-a0698691631f,TRUE
90a33380-e056-4702-b137-b3e4a7d27c71,TRUE
1c33d87b-9d1a-4d5a-be75-2c53da134be6,TRUE
0c5c32ab-ae65-4c11-84c1-c3e30a449873,TRUE
087e384e-be3e-4e73-9405-3227ba389bd8,TRUE
bb296304-32cc-4fd6-bc0c-5ea4dcbb0ed9,TRUE
3499f59b-dd48-4d9e-8ea3-fefc70a7267c,TRUE
b7e7b7a9-03fe-4426-ac1b-63b23b13a6d1,TRUE
cfff4761-c881-4269-bd87-415ae177e2d1,TRUE
63e47caf-de57-4047-b9cd-afd8d8ca8c2f,TRUE
7345e698-e43e-4e57-8373-b54bf4fadf14,TRUE
5599623e-42b8-45c7-99b8-7a561989cb1f,TRUE
336674a5-73bf-4c8c-8bef-8aeaaee48508,TRUE
3cae8f41-fb2c-4138-9449-5c5bc2c21a5c,TRUE
5b36d5d1-f18b-4780-9cbf-fc53b732073b,TRUE
4d9fd776-9b46-4b0f-9314-c910f2d2b01c,TRUE
9fac9e1c-9042-42d6-90dc-13e189ade674,TRUE
ead3432a-4161-4b74-b6ef-e83de5f6d6ec,FALSE
a563dadb-247c-4d8f-9a6a-08389d2407c0,TRUE
3b83e50a-dbf7-498c-aed4-85e381f13f7e,TRUE
416ab32f-ebee-44b8-85dd-fc2173d05052,TRUE
fd52f6f1-4493-4bdd-ad1a-0314a5d80d4a,TRUE
401b11de-212d-4f02-876b-e8767759c0d7,TRUE
bd0d45a5-0e67-47ca-82fa-d5817c30a7e5,TRUE
a9c9ad58-d5ad-4250-81f2-35938a17aeb4,TRUE
bb3dd3bc-e44a-4640-989d-3ed3954250f3,TRUE
1e1a1421-9b54-4c59-82aa-d3be0daadfd6,FALSE
52b306cd-8b1f-47ae-9e2a-3b210e98eb34,TRUE
916b8e4f-426e-492e-8f62-f3cfb35b71f2,TRUE
7634ee6f-1f47-4707-a6e0-8ac6193d307a,TRUE
86a7359b-0337-45aa-8a31-a8fe8e013ab0,TRUE
62518bda-5e3a-4f22-97df-c87c9fdf996b,TRUE
25e038a2-3286-4840-bc0f-5203b14a4182,TRUE
2ba05ebb-0a5c-4cd0-bb7b-1e722b0af1e1,TRUE
edcb0525-ccac-4735-9820-c6a9d96612d4,TRUE
2bb3681c-5641-4787-8d94-93adf1464501,TRUE
97452526-38bf-4f77-8a3d-315d8806f124,TRUE
0009b3d1-2cda-4254-9c85-f3937b2401f9,TRUE
272e5031-fa73-44ce-bf98-500ce97289cd,TRUE
479923b8-a3aa-41bc-a26d-44ad8ca049b6,TRUE
6e24e066-204d-4c01-9d61-09f3d3c2f236,TRUE
103b4504-3580-4884-9476-eb842742dbbc,TRUE
24a14fc3-631a-4f46-8286-d44e2635c8f7,FALSE
7a48fd22-2141-4a55-8e9c-37018e320a00,TRUE
4487d60e-3210-4095-b1b8-1de9760c3ef5,TRUE
333e4629-d372-494f-a9b6-c69ac2112336,TRUE
c0a839f8-343a-4e7f-a4b0-e29e95f59150,TRUE
594c3815-3e3e-4896-8b0d-bf1078e4ed33,TRUE
556764a7-0158-4335-a580-84a5273d260c,TRUE
a7906790-0a64-448f-960a-f4e42c632dcf,TRUE
20b53370-b38b-417d-937e-875e13a3ccf4,TRUE
cd0c35a5-c64c-4ee7-a8e9-b54f1322e38c,TRUE
623e2d20-ba41-4595-9657-3734456454c5,TRUE
10e6c3dc-a58c-42eb-89d5-e2e13e772b8b,TRUE
46979651-74de-44bb-8ac2-65b7288d4e50,TRUE
3733f2f6-66bd-4b7e-9414-d675049484ad,TRUE
ecec980d-fd2e-465a-a3f0-4df245cbf45e,FALSE
f3482487-8b75-4c3a-902b-7ad8a97a345d,TRUE
8d311f76-02a8-4112-a923-b8e33b642db9,TRUE
0822a1fa-12fe-4f5a-8b52-d27a9bbc956e,TRUE
8525ffcb-e4b0-4342-8555-153be10342d3,TRUE
f5fef2b0-dcb8-41b4-a1f3-a014e7cb2c35,TRUE
013fa867-b199-41e0-85d0-a8fdd7a07d5b,TRUE
d4e48048-e644-468d-b56c-7c538b313108,TRUE
c0f01199-c589-42ab-8cc9-9e207dc2a081,TRUE
9c5b5180-0cc4-48e4-9239-a220046c215a,TRUE
d5441b58-95a2-46de-b2e4-50de50f62cf2,FALSE
1933d447-89ed-4418-94ad-29e9c0904aec,TRUE
1b1d9c80-1278-4072-a596-60a0d4bd700f,TRUE
2df7f143-dcc1-493b-bcda-53ecb1277337,TRUE
d5f81e90-8126-4aec-abce-e8b61849a4ec,TRUE
35fb6246-fd22-43b2-b8b5-a996004119f9,TRUE
9e6524a4-534b-43bc-9315-1f0b872afa6b,TRUE
e010b282-474a-4ee2-94c1-109714f31cd1,TRUE
67df1d37-84ca-4a3a-a554-df91a1e5c30a,TRUE
f23731c1-2a87-4ab1-9568-723231802333,TRUE
13ad97d8-d11a-40fc-9e3b-eb9fce561735,TRUE
0a804a8a-a05a-4ca5-bc5f-5864503cfdf5,TRUE
83b8160c-f127-46a5-b263-62d841ba033e,TRUE
35f89a2a-12b0-4d85-a577-97d37f1b284e,TRUE
22109ebe-2848-46e1-814d-5b3d68affaa7,TRUE
89b0e5fa-02f9-48d7-a6a6-a317219afae1,TRUE
79cb5f49-e5cd-4727-91d2-f3256cbffca8,TRUE
0d8aa2b2-b517-4913-bea9-c9fa3ab07339,TRUE
a01e11f2-7cd2-4433-9309-458c7ae387e6,TRUE
0bfe8b13-f8e3-4362-8434-a1041244b1e9,TRUE
e621faf4-a40c-4dae-a7da-2176315c3113,FALSE
facb3995-686e-4748-94c7-678d71c3589b,TRUE
44c58713-f5b6-4a2b-a460-de77b66ab776,TRUE
250c9d3d-2dc9-4e22-9f01-3f820996332b,TRUE
d2ecb598-35e1-49fe-9dcf-05458cbaba01,FALSE
0a689848-65ee-4adf-b86b-a37d5f13e842,TRUE
e1000baf-d11b-4644-8446-6b5cbf279104,TRUE
570b014d-86b7-4b2b-9261-c4d3c6c37712,TRUE
de5d756b-5d21-4ad7-8e47-6ed955f1261b,TRUE
40adff58-0b85-4107-8712-a0beafc34d3e,TRUE
5ebac019-221f-4144-8a64-90cd426c68d1,TRUE
d2e7a997-71e4-4dd4-aaf6-2efa89914137,TRUE
e57dcc82-1f36-4d26-af59-7b456a51e37d,TRUE
7d960f98-bbd7-4d01-af78-fed486f56dc4,TRUE
a5bccebc-652c-4284-8a2a-289049f72362,TRUE
2d0927ca-7e00-43bc-a33b-1f3e2712af39,TRUE
9804f912-72cf-42e3-9bb1-edb4d7b4b97f,TRUE
cb0ae8be-df88-44a4-94d6-5413a31706f7,TRUE
9cdcd08e-efb2-4a36-9df9-8848bcdab326,TRUE
174564c3-4151-4d7a-ac6f-7be5ef280fe8,TRUE
3e797c88-abad-4bc0-9e8a-d0b2a7c4a790,TRUE
a3d9a649-8c7f-4b24-8413-9f2f06a51b70,TRUE
96031cad-ccd8-46ba-97f2-435a5001c3d6,TRUE
ee0ca61e-924d-4a91-9810-7c2694c10883,TRUE
3cbeb6f2-9251-4310-a9d5-3f19f0d51d16,TRUE
95b86679-e386-4d31-b604-103af81e72c4,TRUE
5f3a37a5-67b0-4a1e-a5e6-f41ad83d146e,TRUE
9fea1b78-e4dc-48d2-9889-1ef0c12ef782,TRUE
141d5d99-8641-4b1e-9004-cb2e9f8c1174,TRUE
9f9b5ab4-9987-4095-b4bb-111c652424f5,FALSE
ce62f377-f8a4-4df6-bbcf-da9bacbbc59f,TRUE
0d5cecdb-6c94-42c3-97c1-df571522213d,TRUE
8f085da6-8170-4cee-9197-d9e894c58aed,FALSE
3386f85d-d757-456d-a91c-a7c01b75073d,TRUE
9801d44e-0d2a-4c4a-878f-d0710c91634f,TRUE
25b86278-649b-444d-9cdf-1ecc6532ffe0,TRUE
0e2a445b-7c48-4314-91d9-ef516b6d9c02,TRUE
51523925-ca01-438d-a004-a8f443db4220,TRUE
3b3ff8b6-25bd-4959-b191-48943daf9926,TRUE
b1090b83-3cbd-40d4-8ff8-41c536bdbee6,TRUE
70aec89f-37e6-4a7a-9a78-38d494357777,TRUE
c9ca2323-21f5-4186-91ef-f82a855630df,TRUE
c75f1dc6-6e59-4d68-a1a8-974bd32e870f,TRUE
3567d9b2-3ec4-48e1-8d2c-8828a2bdf0e2,TRUE
45622adc-e33f-45bb-81d1-421ef80943e0,TRUE
1116bb6b-b44e-49c4-a687-612b5bd49ba9,TRUE
b340f82b-e403-409f-a926-938f2376c47f,TRUE
72c16e3e-10ae-44e6-b5de-d1df95de0639,TRUE
cc413530-6d3e-4a4b-95ba-44a6b8531ff5,TRUE
13ff9317-d365-4af6-840f-dcf4de8ef0e0,TRUE
fc585a2c-308f-4bce-9f27-e5bbb90a4b1a,TRUE
cda32a61-497e-4bfe-8219-79f5d5df2461,TRUE
3503f65f-8cab-4303-bba4-002242072fc6,TRUE
823961a4-0563-4365-99c1-90f01bdf4b1c,TRUE
c35a7f05-9fe8-4920-adfc-611d5a5033ae,TRUE
3423c50d-b7ef-4d9a-ba35-72e7087e7985,TRUE
d6348325-a703-4668-9e0f-cf1d2f3c7a67,TRUE
4053afbd-de98-4133-8198-80ab7eb55fcd,FALSE
cfe45955-366c-4fc0-896c-7379a22a6a3d,TRUE
bd21e4f2-3d5c-432d-a053-5c766c1935f6,TRUE
5ce0c3e2-822f-4422-902d-f2a5fba4a03b,FALSE
1fe6acec-7f58-4657-90d2-7637da7f3606,TRUE
94f0c9df-2604-426a-be9f-84a52f759763,TRUE
05d7232e-a8bd-4c70-9417-3edcda232d5e,TRUE
2d2bbfe5-68e7-4e3b-9a79-cffd6bbcdbf2,TRUE
dd9b5104-b0b7-477d-9779-b3a65288e909,TRUE
d3df61ac-ca11-4698-ad1a-68bd53c33969,TRUE
bcab2e0c-1b3b-4f14-a085-2e9c333d3fde,TRUE
3d329198-63b5-4ff2-9fa7-8a320b37be64,TRUE
e8930f8c-563a-41c8-9978-1c7608cc6b81,TRUE
88bc2d89-e576-45e6-8970-7e13144eb288,TRUE
f12e9150-6562-406f-8a9c-35d715f87900,TRUE
7160dd8d-ac04-4ea4-9738-b2a6f9a6bbb8,TRUE
00ed1272-b0d6-4349-9c8a-158d068092cc,TRUE
02017fbb-263c-403e-ba95-9158d34ec68f,TRUE
7bc4e054-0cba-481e-b34c-096d3473d031,TRUE
dbc0c991-776b-405e-b652-80e073fac409,FALSE
a72c7451-cf74-49ac-b885-a1e4c6acd5ef,FALSE
d9db7772-f517-474f-94d2-5f1e76086ece,TRUE
37dad779-35d7-4d62-a58e-5c3555464ebc,TRUE
7ff112a2-8603-416b-8a5c-40c0c882a446,TRUE
e00ef336-45b4-4ab8-ba35-ecce1f790047,TRUE
71e7a552-6ecc-443d-b942-1114bcc5941a,TRUE
349790d7-0e8a-47ca-88a9-b38971b96376,TRUE
88f4b75d-4185-4ba9-ac5a-769b74930a1d,TRUE
4b9dde15-e2d4-4186-a6df-02c4d61be4cd,TRUE
32be9309-02d1-4c64-ac03-98f597d30c07,TRUE
0339a182-bf9f-4e98-90f4-8ec31a09315f,TRUE
97acca99-bc25-422c-b78a-95e86436b6ff,TRUE
6cf6d084-1de7-44c8-b65c-e94eb9bf9214,TRUE
3aadbd31-105b-41c6-ae0f-b532096fda62,TRUE
7b94e521-8a3d-402c-9f8d-46adaf239068,TRUE
61fa8b7f-7237-4a49-9143-522f021021e7,TRUE
75c1d595-e7ac-4224-a048-24f5841fad6c,TRUE
d586ad02-3dc9-4565-a96a-d82e4b5723ec,TRUE
ab1b77ef-7fda-481d-9779-c12f40152a66,FALSE
31d13c81-2a1e-48d6-8470-3724bfa9fdf2,TRUE
05f3422f-aa83-4f31-88c8-ba6d1845f5e8,FALSE
353f23c1-dd0a-4350-8b68-6d3246e769df,FALSE
e498b5c8-a9f7-42fa-b0bc-9fafca9a04c0,TRUE
d539b9c6-84e6-4b65-93c4-b75efa2f3ab6,TRUE
e76935b4-b37f-437a-8a22-a83d9c428dcf,TRUE
98415446-9cb5-4af1-bd7d-700756582a1f,FALSE
1574a935-0d45-4a2e-b0f0-8802e052475b,TRUE
a83c6e4e-648c-4647-a926-ecb3c2443a2d,TRUE
2cc99c93-4cec-4747-bdca-7d600800ee92,TRUE
19a34594-e201-4d8a-b120-fb8f770ce68c,TRUE
8b971a8d-900a-4c85-b7d3-a74f266b4e36,TRUE
666f91b9-1582-44a7-8ef3-d3172f317abb,TRUE
494b8998-9207-482c-8da7-6589b405f364,TRUE
dc951828-5d7d-4c9a-9992-acdd8f20377a,TRUE
e417fa12-0256-428e-acac-062f4152762c,TRUE
d120f1ae-5d96-4cb1-b06c-df3848ca7dd6,FALSE
b6a87edc-1bfd-4144-af8c-0c965281a981,TRUE
b334c422-21d6-41ba-ae43-48a5c96deca0,TRUE
ca1bad40-d7be-4936-a515-fee0c66c2f74,TRUE
76a1f48e-370b-4159-a617-a324ce3386a1,TRUE
3ebde1db-e135-4147-842f-c48f4bf590de,TRUE
d0a64752-57d4-4e7f-80c5-d625db6af9ae,TRUE
514b7b23-f380-49ad-a7d0-e13a3461a4fa,TRUE
9a7c3e71-f9ef-450a-81d9-b1d03d147e5b,TRUE
83884346-75f5-47f4-9b16-61da5e405218,TRUE
5fd0a5e1-6934-4c6f-9bdb-4046be1c412f,TRUE
47ca8658-24da-430f-abe9-d9ffeb637a07,TRUE
41281a72-3f49-4b74-8320-e12b466287c0,TRUE
85492894-a620-4563-9023-ccb81df9a65d,TRUE
63d15d6a-5a68-46a5-a1ee-6610d9027e34,TRUE
76f37009-c3e3-4dd1-8cfa-8d267e1997a3,TRUE
b411c02c-94bc-4989-a376-b54daa58b8fb,TRUE
b4edd8c8-f870-4c2e-9f6e-757b25f42581,TRUE
74d026fd-7286-4247-bdb2-1ed834a80771,TRUE
d0728186-01b1-4d6f-bf72-c0b4454b2973,TRUE
87f10071-de06-4ba3-9750-19b2bd48cf7b,TRUE
9bab66f7-1fd0-4b89-883c-c4b602f20859,FALSE
237c2bfe-e7aa-45e1-94f9-cc53e0f5746c,TRUE
92a2e02f-4ad9-4716-b123-8ce9248f4d77,TRUE
7583e7da-b2b0-471d-bdde-a7771d87d74a,TRUE
39a8021e-65a5-4a23-9d1a-7ea9ad2ad624,TRUE
150d4471-0186-437b-96cc-905d41bdce53,TRUE
b82aac11-07d3-496c-98f2-caec7a8d61cb,TRUE
36d08508-f238-41f9-bd62-ee233b2c80d1,TRUE
07a828a5-a97a-4738-a63a-7d36ed13d492,TRUE
ae7285a4-515c-4185-ac25-f14ba5112f87,FALSE
1f886820-529b-47b2-bdbb-e98dfed8e388,TRUE
12ba9c07-b472-49b9-b44d-7f8ae6093ee9,TRUE
364e13c2-a3ff-49a0-bca4-9f6fc8261a5a,TRUE
f01e618a-d150-4cc9-8fc8-38ee3ac51192,FALSE
99bd99cb-fb45-41b9-9370-4ac3b95d6ed3,FALSE
f09da0c1-89c2-408e-aca3-5f3c6e5e5db7,TRUE
33a2c501-796a-4604-ac40-784cda33016f,TRUE
b0751934-3546-48c3-a8e4-4291d7d25d18,TRUE
ef488b8a-283e-4884-86a7-bc9fa950d59c,TRUE
13606e94-dc76-48df-960c-f1a034310a57,TRUE
b46f7606-d743-420a-b9b6-e1b6bf54ee11,TRUE
76b206b9-64d8-4e71-817d-d44b7da1cf48,TRUE
dccbd361-8222-4cdc-8256-02a021c2740a,FALSE
e5880b47-93eb-46aa-b362-40f3579ee54c,TRUE
d6123728-fbbd-4813-be98-f74d0388d622,TRUE
73b81a50-884c-456c-950a-b8c85c75da65,TRUE
bbb15697-d1b7-4bb0-a05b-ff48ddf1739a,TRUE
68f9eeb7-6585-497f-aa9c-80de596cd68d,TRUE
fea8a781-3631-4ede-986d-9435755d4dbd,TRUE
6101b44a-5589-4be4-a96a-3024b3a80585,TRUE
d7770b69-74a7-4a5d-bada-b19bd59026eb,TRUE
fce6434a-2cdd-4323-a21b-020ddb920bbb,TRUE
47e1dbef-fe2c-478d-a231-f86c972b0aa0,TRUE
fddc828f-80b7-488e-a56f-96666a7e6452,TRUE
4146bb9a-27cf-4985-a680-9ca2c185e75a,TRUE
3057f6e5-8edd-420d-840a-907f23d212ab,TRUE
303bc8b8-5939-470b-97b4-36738d74b725,TRUE
1b8b51fd-6bef-4f42-8f1b-40ca997e03b4,TRUE
c71e027f-ee94-45f5-8efa-7b5272500b42,TRUE
7de6ff78-8dfe-4a54-aa6a-0ca1ce930735,FALSE
55a642c7-0bf9-4e42-8218-31f4b438dd44,TRUE
f62a78bc-1619-4444-98a1-da3b27740fb4,TRUE
7a369d3d-df40-43bd-88a9-ee94c8207c88,TRUE
534f6c48-8685-44bd-9963-877a422aa35c,TRUE
08dab4c6-79d9-4452-8b1b-7e13a6ee1bd1,TRUE
93afeced-6948-4019-9732-cbba2ca82b89,TRUE
ca34aea6-56e9-4c1b-92a0-4a984349f6e6,TRUE
9ccfad27-3375-4016-9613-b466f8296e99,TRUE
b702a645-6622-4b8f-89a4-f925229504d6,TRUE
37f4e172-8247-4f53-8d32-489c4079693a,TRUE
12331630-fdce-4330-bc28-cf035922dc6b,TRUE
1edd6836-b043-4f61-bf99-b3eb7bca2d04,TRUE
88e4016f-69d2-42cf-8ed9-c56302e497e1,TRUE
ffd81108-b1a0-44c3-83e8-bddf15203719,TRUE
ce2b8879-9b69-49a0-8eb7-aa35431f0960,TRUE
8c1e0956-47fd-4e3c-88c0-b0c02471233f,TRUE
265a485d-b97d-458c-928f-d2365bac46c6,TRUE
5bb8e8d5-8f19-42bb-bfda-ecaf1d9d7f38,TRUE
0c889049-119a-4b23-8f6e-d2040b496e98,TRUE
d4a5112e-c2e8-4f6d-af06-6914cc7c2e46,TRUE
53e866a4-f3cd-4e05-b287-d5ac03e8e8a2,TRUE
4da5a73b-96f7-4088-82e7-83825c371d22,FALSE
718ed7af-4960-4ddd-9f6f-56a33ec34f1f,TRUE
b78be7b5-ac8c-4b0e-8dd2-dcf454a69bcd,TRUE
7b790a00-23e2-478b-b202-fb318f146180,TRUE
9daa083a-0850-412d-bd62-fe28891426d1,TRUE
85efa065-699a-48ed-bb70-db25c4281803,TRUE
07019c1c-f522-4d57-aeeb-b6d1d448405c,TRUE
7a5f9977-da71-418e-ba0f-03db0a133a00,TRUE
dfbd4f2f-b420-4214-b2e5-682378d7d046,TRUE
890f2b6f-86d0-4075-837d-68f3ca464902,TRUE
822f2327-d64b-452a-8edb-90b1a1e248c7,TRUE
22904044-ad06-4131-b387-31b5922e2c3f,TRUE
19023f48-99fa-44a7-96ea-8a4ef648be8d,TRUE
2d434171-2d4d-499c-ab1a-bc5ebb88ae94,TRUE
7e3ead09-2852-4e80-9436-eb2eba56178c,TRUE
e4043309-235f-4a2d-ba34-8614fc269bf0,TRUE
a5945350-1152-4c0e-abfb-b0215b5d9a35,TRUE
664e8fba-d253-42da-9c1b-2c273bde4c34,TRUE
439e7df5-74b1-44f5-b568-af1cb6e8a2fd,TRUE
19e28636-0b11-412c-8b8a-e9b973932508,TRUE
4bdfaf41-b1cb-4aba-9dbb-19e8f1b391fa,TRUE
0773e87a-1289-497e-bc67-f2bc29161dab,FALSE
b98042a6-9d8a-478b-88dd-1792434b0a6e,TRUE
0643c499-645a-4f25-a36d-9926d2f8b518,FALSE
eb952b68-63cc-422c-b09d-c0ff1de3891b,FALSE
c00d7584-bdbc-4bf5-a4b4-256d8be80a21,TRUE
da14be64-3c23-4474-b55e-f8b0c210f4bc,TRUE
2f26a31d-2ff6-49c0-9311-dbc1b24f18e6,TRUE
79617484-5959-47b8-8b45-a89ea84d989c,TRUE
996aa275-a76d-4024-900e-3720ba072316,TRUE
aa10a44f-9464-471d-8847-9759842bffee,TRUE
a59606f8-5a24-43ab-a049-69f3cef64720,TRUE
adc892c2-2984-4bff-b4ff-b7eb5cf4187e,TRUE
ee29ecd1-a5d2-4c96-b919-8cb376fade9e,FALSE
1c465cac-fb7e-4db3-8e06-0c97863ce246,TRUE
d84a0270-5059-42db-9eaf-605ca93fd3f3,TRUE
55a63fbe-183e-47b3-8c3f-427f2f7bd814,TRUE
439e077f-29b0-4adb-b12f-943926ea142c,TRUE
7fe974fa-c70b-404a-ad5f-fe451ac0b195,TRUE
eb2aff2c-418d-427d-8e61-fc42ee02fe22,TRUE
0d177acc-95a1-4db7-92f9-2a10f2fc98a9,TRUE
397a3803-4b38-47ad-9991-c60a7ff70612,TRUE
c800d9a6-aa5c-400f-9d95-8ce51261955c,TRUE
b71307df-7017-461f-950d-87b3ebaa2d40,FALSE
f06c2c07-a6c9-4a17-a6a8-122627ef7a17,TRUE
571d1b3a-ebb2-4c93-afce-e1818c55165d,TRUE
0ff05f6c-16b0-4ecf-a7e3-7fc6b606d0f3,TRUE
e04cd13d-59df-4644-879c-2e847f72213e,TRUE
3dbd1010-d451-42d7-9b2a-0dc50be77cbe,TRUE
67df6503-d288-4dcb-b6a8-e489022cd4bd,TRUE
276ae8e0-9ccd-46c1-8ff9-307d9ca2771f,TRUE
586d7b87-5d04-496e-9cbb-eebb07b3ff7a,TRUE
a6840951-4811-4e89-9cb9-d6e68bc1d199,TRUE
f8692fe4-ab20-4ae4-a334-08a331493be0,TRUE
e7d8d101-8455-4059-a461-21863baf8002,TRUE
6889969e-83c5-4424-b5e2-c833f95491a5,TRUE
00b6bd3c-b7d6-409b-aece-2af0abd613aa,TRUE
a9570293-bb3f-4745-b738-c02c2e74da37,TRUE
6f961c9d-b332-4ab1-ad3a-d946ecf90ea0,TRUE
19aeecb2-a54a-469f-8e51-c0833e3ce664,TRUE
5234955d-aa7d-4a48-a724-7f9c3b0d4cbb,TRUE
a3d0100d-f2d6-4844-afff-ef7ad7207f54,TRUE
8fbb01f4-aa7a-40dc-b361-7a62799f5aeb,TRUE
24b188da-2efc-44be-85fd-f8431b951fcb,FALSE
0a0f91c2-f0d0-4404-b091-c7e660a46b9d,TRUE
8ce2c891-c745-428d-b869-33c5d4f588f0,FALSE
25ecfbd4-4b07-4d27-80e1-c2807ad72112,TRUE
25fdc90a-e7cd-4ed8-8df6-c64a98dd3c8f,TRUE
3c7f6c14-2c1b-4549-bf92-c4b92d91faed,TRUE
692f4dcc-1ed7-4b14-9811-5a448acd854d,TRUE
04f188c9-362f-4912-b65f-c7e967d524b9,TRUE
e715bacd-5eb6-4b63-bec5-5295d92f8672,TRUE
874c6dd9-2cb2-4a3b-b3c1-627389a31067,TRUE
a14aa554-fb70-4f6f-878b-b74db225381a,TRUE
c4d5821a-dc48-4da1-a3f1-f3e0d8049daf,TRUE
c682ef45-3a7e-4230-a6c7-25ead19d58d6,TRUE
037185a4-74af-4d88-ade5-baae9d44a228,TRUE
348bf188-f18e-4680-ad5c-4f396e73401d,TRUE
4ec57ed4-1907-48db-9916-977e50f9b7d1,TRUE
3f0eb788-63da-4b30-bef8-cc787d0f8b14,TRUE
14a5d8f2-07a8-4bd4-a446-96a0335a5ce8,TRUE
63276992-9fe8-4075-9ff0-fb6d39c512d9,TRUE
e378da73-7ee2-455e-99e7-a5df865ca71c,TRUE
b8d50f87-478a-44fb-b652-871423a55964,TRUE
1cfcecbb-9aac-454d-934b-a846e29fd04d,TRUE
08cf5141-3dbd-42e4-b99c-41f7541a4eb0,TRUE
e7eb5548-a0e5-4783-bbca-21ed410e7658,TRUE
5407001f-2e7e-4db3-91fd-7a765ab92c41,TRUE
0850b853-44ba-4c1c-b845-5deeaa7e42ac,TRUE
98bb0912-a12a-4080-8ae6-d15d03a383d9,FALSE
2878e615-3394-4420-8e54-cb3b0d3e1259,TRUE
c961732a-2fdf-4131-9f3a-09cb8452d236,TRUE
d3ef92c3-e464-4c02-92fe-c20fb4a00959,TRUE
cd42770a-6cde-46ae-af06-87ca0989ad9c,TRUE
c8c7f57e-3f51-424e-a26c-2a464255e524,TRUE
4a1b4011-897b-4d13-96c1-d791b4e77d3f,TRUE
a8d8188d-9e6b-45d4-bb7e-2e7e77e3b59c,TRUE
8f6ee9a8-8da0-4ea4-9e70-f6b120b70673,TRUE
1f7863e4-8164-43ec-885f-292585315e2f,TRUE
4136a5a5-884c-42ea-be2e-cbab52ff11ce,TRUE
33946231-9314-4b3a-8ede-cb15a5f93534,TRUE
fc04aac3-09aa-4a16-9e15-6b772f06dab4,TRUE
24499f54-26b0-4245-99c1-40c87b2b062e,TRUE
e4f772d4-06c8-47a3-a05b-2ce1fc1cc7c1,TRUE
9200b2c5-1964-471b-9803-f51a8a13c0b0,TRUE
83bd2d75-5362-42fd-8c82-b186a1c7fc9a,TRUE
352c81f0-6c51-449b-8450-aa3594559293,TRUE
3cc06d1b-5dae-4a36-8492-18face539cca,TRUE
a9d64efb-5a12-4045-b815-206265892b84,TRUE
3f61b97b-cdcf-4109-839d-bf020c2f8ad5,TRUE
bf8a2a75-bc3e-4951-9b7e-f9bc4c0a5eb7,FALSE
cf118a99-d0f9-4b66-8f3e-8bb8a53f03b7,TRUE
5dd70159-4a1b-452c-a7eb-1ab8be06ea51,TRUE
01761a05-4872-4175-a102-36c5907c3800,TRUE
92af3c89-d6ea-442c-83dc-29f028025f4b,TRUE
51b7c102-0b55-48e4-bcfe-85193564c235,TRUE
a908fc2b-02e7-4a08-9747-6afc9dece1c9,TRUE
5a51ef66-92d3-4289-b46d-5194e2f8ff1c,TRUE
3774b5c1-9a2f-44d2-afe7-e369c2e04ded,TRUE
e856700b-da26-4a15-9d2d-991dbe8cba93,TRUE
aaced128-11e1-48c9-aaed-bc089fc84bae,TRUE
0d2e7f17-ad6c-42dc-86ff-6290710fb2b7,TRUE
fd621752-95ef-4e35-964f-4dd7201b75f6,TRUE
80ee049b-ba14-47ad-b3eb-f0b483f3f5c1,TRUE
00146713-2b13-478b-8de5-1acf28042ef0,TRUE
c3b437e6-5392-4446-9cc8-a3ac56d423bc,TRUE
db486af7-5197-4490-8d78-d4c57115890f,TRUE
4482678f-a629-4ca5-b221-01640b45b982,FALSE
09142959-d54e-418a-a0f4-0fc266a22e70,TRUE
1ebb5674-91df-4a5e-9a42-79522adc3fb5,TRUE
d1a1bbe3-0e0c-4126-8025-b679a9d6c9e8,TRUE
5f0ab1bf-4efc-406a-bfad-90642d931f0d,TRUE
356034c5-ae4f-4c9e-82f0-ee4d8504147e,TRUE
f364d0a0-96e4-4b55-afe9-274dfe2e8e8e,TRUE
412583b5-c108-414d-aa67-14aa0aeb268b,FALSE
065e178c-52a2-4bec-a95d-6b502da4f8f0,FALSE
4715afe9-8b01-463b-9c67-c739222f8df8,TRUE
2b9b23cd-1972-4c6a-9f5a-1ca822f734b2,TRUE
b1fc7485-3580-4be3-97e2-51c0b558d99e,TRUE
90061e15-d097-401a-a0cd-918d92cf56f9,TRUE
fea94a75-034e-46db-86fd-312d9af3cd25,TRUE
e52bb768-1895-4298-a39c-a2ebb180446e,TRUE
90b9e857-e1ae-4696-afe2-3686d1f9f8ad,TRUE
16d6677e-2363-47a2-b90b-10ce1cd3beab,FALSE
1b98fd98-7587-4c34-a17e-1e1fbf759019,TRUE
8a65b6c9-f815-40c1-9403-198ae2155a15,TRUE
4d54692e-a3ee-41d2-b018-0e3875f2f6b6,TRUE
4e97da21-6de9-4fd4-b023-83a0a8190ca9,TRUE
3197e60c-35af-4a48-adb9-aeb953693290,TRUE
98d3a041-4151-4abe-9682-f3944abd5fa3,FALSE
a61b18a2-1e99-4385-94e5-f649025b07fc,FALSE
08e7f44c-2694-4d27-bc20-b242b424b522,TRUE
e8644d95-a352-43ac-9b5b-6acb49a53462,TRUE
3cb58db9-391b-4397-afc2-8ef450fa116e,TRUE
c264136d-5ce7-41fb-a751-c69e3b9579c5,TRUE
2794df63-3669-4d41-92e3-8db486d8f146,TRUE
00a3642c-dce6-4367-86dd-457bdf7947a1,TRUE
9265334d-1242-4313-8976-cb7bbc82d06a,TRUE
aeaf38b2-e055-4753-a80b-34b46f7b3221,TRUE
db161580-b9eb-4c81-bff6-861184bd3897,TRUE
c0c8ac0f-6641-4229-be24-e604df6e47f2,TRUE
703c2aaf-4cc1-4bac-8528-13b3d99f4976,TRUE
ffc572de-469a-4911-911a-0d1689128f4e,TRUE
4e9b5975-f028-446b-bb65-392c73769dfb,TRUE
5ffc2940-f5fe-48e2-bdf6-caaca7e7ab79,TRUE
533aa5be-a99d-47b6-b5dc-b7f08ba82f17,TRUE
fcddf423-e13f-4f3e-96b9-d185366bd1ef,TRUE
b4b2d63b-26e8-4dae-af14-f536689547b6,TRUE
1639047a-6bc3-411a-8563-5692463d3001,TRUE
5da2f7ef-d41a-4728-bc69-956ab6fa8c31,TRUE
a4aa672c-c9e5-4971-8f6d-65a328438e4f,TRUE
9a5e8be5-76cb-4c82-bd10-92bd6c927cd1,TRUE
19e75e80-168e-46e5-83d0-5a162aae01ed,TRUE
752b6dfb-d98c-410d-8eb8-cf41cf32ddc3,TRUE
b1d6c7a2-68e2-4b12-8925-b65b3fcbb97e,TRUE
c43f6ae9-d3c1-493c-a805-830ac8145734,TRUE
5ddbd4f9-4525-4241-b9ac-6f9ee6c1195a,FALSE
b0d5d9a0-08e1-4636-b015-ab5a721ac475,TRUE
9ebed417-2bd7-41bb-9fa6-4e982d0dc039,TRUE
9f4a7b8d-6102-488b-b26c-bb71ae5b2b65,TRUE
4cecfb3f-b451-4d96-ab41-922bb47bebd7,TRUE
7eaecc0e-fa0b-4985-9551-d5937b05add6,TRUE
626d29d6-5b45-4e19-a2cf-9c5653d6df25,TRUE
08fda98a-a034-4f34-9040-1cb7eb87f3b9,TRUE
283087b2-93ab-43da-9b0c-6271e83430f8,TRUE
d5d2040e-d4cb-47c5-a25e-46c3cca1051a,FALSE
087d584a-daab-4b70-b1d8-37de15ce6408,TRUE
465dcdb1-026f-44cb-90da-2bf1848fb7fb,FALSE
b78e1e11-6618-4f41-8c62-469d1047c123,TRUE
03c4adcc-84ec-4d06-9952-def149e44615,TRUE
7ba8b596-16d3-4f1a-9e05-304e1fd43f10,TRUE
ac416596-6785-47ba-a1d6-124d693802cf,TRUE
dbc142d2-e950-48a6-933d-ebcd05dbb992,FALSE
d4ad4d2a-987b-44ff-a3b5-5a51cb3eb0db,TRUE
9fd78bb4-735b-4917-8595-60f1c9e77266,TRUE
1e1af0ce-c1a1-4aa3-9922-a7f84dea5d6e,TRUE
e3fc218e-26db-4056-9fbc-30788993d5c2,TRUE
5cb85afe-8fbe-46a4-b83e-25a16d1f003b,TRUE
f1ce8bc9-7f24-4c56-9990-86ceca170abd,TRUE
a4e87f00-aacc-446b-aa85-56a093ee1f81,TRUE
9bbd3273-0397-416a-9065-384dda4d9601,TRUE
0a8ddd04-596d-40ed-bc8a-211f1b5035ad,FALSE
67a2f8ca-7508-428a-a9d0-bfa6890c24fa,TRUE
4a04a92a-2832-44e8-89f0-11a24328cda2,TRUE
8c808d13-78d3-4b1c-a6f8-935dfc7d723c,TRUE
427c1cc8-cbe2-4e0d-befc-1b5b0a7fb71a,TRUE
9e32d0e2-5d93-4a2d-8d8e-e2ec9da84254,TRUE
6ae9400b-a03a-41bd-8022-12aae7d26307,TRUE
8d74edaa-c190-4f4b-b496-8d5769cd4eaf,TRUE
6152e331-975d-42c6-bdbf-22ee4bee86b0,TRUE
f744cc84-552b-4695-bfdd-7cd9deb04caf,TRUE
43ddc668-338c-46d0-9f63-9a1ae2ec1c62,TRUE
917f72d9-09a4-4cd7-bde6-7bcbfc465286,TRUE
0813c583-7e9b-4d96-8102-186b2e5202f8,TRUE
9b32d320-0189-40b5-b685-44250bc8ebaf,TRUE
c92a6f95-887d-472a-b329-28c5a994b632,TRUE
514c6071-a3f3-4ed4-9eb2-956ef31b6129,TRUE
4bbf3159-28ac-4d6b-8394-901c6ab37713,TRUE
34879853-359d-4098-a636-5ba944a2ab9b,TRUE
d638ae3c-f1f3-4116-a1f8-68c6167efee7,TRUE
d88ee6e2-05a1-4150-b4a2-2cefc4819852,TRUE
529fcc3c-fc61-4683-b7ba-ec6777b92f3b,TRUE
d5a11445-94d8-4b1d-9d41-b09d6f1c6580,FALSE
be8873b6-9fb6-4ef7-a78e-f3aa33e5f80f,TRUE
d5976cd9-5187-4f60-b002-2935395aab85,TRUE
71b0486b-1fa6-4456-9c95-972dfb5f7c5a,TRUE
2613213a-5d33-4caa-acb0-6798f03600ef,TRUE
a264c852-259e-45ef-bfad-e1f8a7429e25,TRUE
0bfb4f86-e7fd-4050-849f-0a27a8c47197,FALSE
9a483e34-ca0c-4ca8-9b51-476da7a2677f,TRUE
5dc13a20-aca7-4f49-bab1-7719456a88ba,TRUE
09771cd7-d991-49a0-9543-21d197deadae,TRUE
4522b890-1b0f-4632-ba3c-eaad6b9e0051,TRUE
1f5e987f-fed3-4583-9cf3-049bd44cb101,TRUE
7e7ea83a-5dc6-423e-a08d-4103ae0919b2,TRUE
ad1f7dd0-b2f2-44d3-baac-2c591e58471d,TRUE
788a3719-3250-4776-ad76-d06b0b521f09,TRUE
f6cee30f-481f-4d0c-8377-27acd575b23f,TRUE
8c10f387-992a-449d-8dc8-dc22dc68f518,TRUE
043bd4d1-8a19-4a9f-a89a-f59e0e7d4a8b,TRUE
a08cfe6b-3fac-4671-aa27-a91dc6079828,TRUE
c5a6000b-e239-4527-ac9c-8620527dc137,TRUE
7499dfdc-f1ec-4d19-bad6-796520983a2c,FALSE
896d1b35-a0d9-403d-8b6e-60e2875a84f7,TRUE
b3e67570-2627-4d8f-bc12-dd0296abac83,TRUE
0dc56fa2-917b-47ac-91a1-efb005406ebb,TRUE
23505fb7-ccee-44c5-b51c-fbdab0e5aeb2,TRUE
13399c11-1f45-4b82-9df1-5c6b686f1d24,TRUE
c16b6c07-6b15-43dc-9d97-fd99c8e05fd9,TRUE
974d7630-e514-4dd5-ae30-f169f26f617c,TRUE
60bc1a4e-0880-40e8-880d-1100a5e4b28d,TRUE
c5bfd242-c2a8-43d7-b10a-bfbd2ea21bdf,TRUE
0befc5fc-4b71-49c9-ab53-ffa7748763f8,TRUE
56e4f27b-5d0e-408a-967e-16c4b59bb3d0,TRUE
e474ee4e-a3cf-46c0-9798-9fc05870b1b0,TRUE
12fd3458-62a4-47be-bc98-0a0548e0dc25,TRUE
31c773d4-3164-4acb-9e37-68df1b69a8d4,TRUE
9c8aa133-81e0-4178-a55b-2b3c4143a057,TRUE
3524f834-2a79-48d3-a6f3-5a43382f486c,TRUE
64f9802b-43b2-48a5-bf86-7c3857e50fcf,TRUE
e8bb1f4b-2f5b-4b60-ada0-593d0c14fa24,FALSE
17f6b237-d297-4fb4-af39-29f59fdaaafb,TRUE
df0705c0-bf8e-4a31-8621-75aabf07ff37,TRUE
2dc2261e-07f6-469d-858e-7ffef9e52373,TRUE
8f0b844e-fb51-4f09-89f8-bd815bda25d5,TRUE
02a0b900-12ea-4905-81d8-c7923c79a493,FALSE
a95a5572-5f64-408e-bd5e-e31582f57bd7,TRUE
9379e8d9-affe-466c-acdd-6809b0e90fa6,TRUE
a7cbe109-d1cc-4e0d-9be9-5531846beb5d,TRUE
49c27bba-311e-4083-9411-5cdada1da6f6,TRUE
da0f55f8-1ae4-4220-a715-7b4a467f3779,TRUE
6e798e23-574e-4383-89aa-48c597383647,TRUE
045f0f07-8bb2-4af4-beae-dc8b4f24893d,TRUE
6c71b0b0-09c9-496b-8bc2-c8d3ec1f1d71,TRUE
bd0c5e43-e6b7-485b-848c-de2bfe723774,TRUE
31092aa6-822d-41a5-9625-145203578b3f,TRUE
9f60d5e1-05b9-4a44-a833-a2f5f9fac209,TRUE
3e439640-3ff8-458c-8939-9beeb98d58fc,TRUE
54325138-481b-46a0-9b07-7721ff53c22c,TRUE
9f549538-207a-4c6b-a7a8-0509212d05c9,TRUE
f87f7886-2b1e-4e53-8be5-c5fdb57752ca,TRUE
c451329f-e122-4f8f-af4f-31e17daa4371,FALSE
d5e5b76a-0986-4eab-9dfd-4262765c4304,TRUE
3b03d70b-a37f-4b21-80da-1a3a015b3c34,TRUE
517a61c8-f4bd-42d0-b003-f7b0bf54bebb,FALSE
cc623e35-333b-47a4-844b-2e16f2cff8f9,TRUE
7de6e6af-f614-464b-8392-010b3b379839,TRUE
d8f1efa1-e32d-4e1a-8e18-5f0848eb8a35,TRUE
c4a5e9e4-9d30-4bc2-80ac-0813849443f0,FALSE
f886d54f-e848-4638-9d9a-ba76f684b193,TRUE
5f271c2a-69bf-45d6-b8b6-3c167192e4f5,FALSE
f5c908d2-4aff-428c-b033-ded78b4d60b3,TRUE
89f8b9fc-a9b5-4f6e-8ba2-96c2ec81a703,TRUE
e7af6fcb-441c-4ea0-aa5b-66c3a7905e99,TRUE
a363cf31-3369-462e-b562-4122683bd9ab,TRUE
3411959a-35e7-4f4c-b7f3-980497579709,TRUE
e626b1ee-73c9-4969-9594-10305c425340,TRUE
a88069a0-3d29-4591-a415-5cd75a650b83,TRUE
e08fd50d-78d2-462c-892a-f4ebfed49a1b,TRUE
28a689e0-2d8b-4049-82d5-3a3df95ecb19,TRUE
ae3496ca-3567-46c5-9c14-a6b981c54685,TRUE
1271a532-e48e-4d25-a680-c8d9ab7aa223,TRUE
725b37b5-d96f-4ae3-8864-9db82c1c14f3,TRUE
8291ccaa-0f8c-440d-94f3-530d1559c7ba,TRUE
a9f5fdc4-8d81-4024-8d84-f93e8814513b,FALSE
475ebe12-72a1-42b5-b715-8f7e37055340,TRUE
b7aafc5b-7a78-48f4-9dc8-d61fb05314b4,TRUE
966d0447-1a08-4b2d-86c5-e5a50306a995,TRUE
73f6f57d-271f-4f77-8302-69c55d15100b,TRUE
597fafc5-1e45-4731-a372-0037ff487cf1,TRUE
c8364d19-776d-447d-898d-b63e3f8956c1,FALSE
e1974120-8b8b-43c9-9594-8ac8f96e5ee4,FALSE
796ec01a-9e77-49aa-9ae3-a32dad817205,TRUE
44166a45-a075-4dcf-be6f-0b12f8ee4064,TRUE
4d13634e-de77-42d3-98f8-d2f982a4af45,TRUE
c695c482-eee0-40fd-a486-36a60ccf8ee5,TRUE
0e524aa0-ce98-4a75-8a47-497152310a7f,TRUE
93494d5b-e2e9-466d-a3f5-925645d34e4b,TRUE
320e1b9e-efd8-474f-8cf8-260d5a440310,TRUE
f854d36d-520a-42a6-afe4-18d2c4925f4f,TRUE
5bddb321-6958-4a2e-8109-3b76f25ad6c4,TRUE
78ecd241-ef41-4f9e-9151-53963f7469f2,TRUE
4f2f247d-72c1-42ce-b4f5-d5523c8ddc6d,TRUE
04757164-bc51-40b1-b1b0-4ba651f497f5,TRUE
736cf9da-acdf-4a21-b576-389caf48b134,TRUE
3238303a-5010-4d52-96c2-d5e0ac5f8981,TRUE
2e580587-a58c-4a6f-8ddf-9883946323d3,TRUE
0f92de7b-4ebf-4434-bcc0-1c2841e0f10c,TRUE
50c27581-a967-4b4b-9ec2-c32b07972133,FALSE
5f2d5649-6bb3-4390-b120-8440bc0083d3,FALSE
b3611809-048b-4f0c-a84c-ad5ffd46e6c1,FALSE
e5e34ce5-f291-4520-b3b0-a382aff00062,TRUE
34809f2e-66c0-48fb-9e43-0f342641d0e5,TRUE
9f139828-a4cb-4ebe-983c-0691d372586e,TRUE
adcadb9c-a437-472e-bb43-c79945556c4a,TRUE
d23ab9eb-3bf6-4f9b-99bb-a5706e5631f1,FALSE
f54e8d46-70a0-463b-a7b9-404a54d17857,TRUE
a77fd5d4-a0f2-410a-be25-5a50632fc755,TRUE
20b2e653-7dc4-4de5-8474-210f9c79c741,TRUE
7c34e667-994c-4a60-9dcb-426ec8ce10ad,TRUE
4d6b9e36-16f2-4006-829f-32400cbae8fb,TRUE
645ce33c-b1c2-4ba3-bacb-850c1b1488cf,FALSE
b397dce3-aa3f-4052-bafc-e3137d00e9ae,TRUE
cd7256bd-536d-4a20-a370-6fe9266620d4,TRUE
2eba8a60-37d8-4ad1-811b-74f099f51d2a,TRUE
dedd6361-0064-4819-8499-28d4e02bd8c6,TRUE
487c0886-7c72-40d9-b6c4-5f5ae5fc21e5,TRUE
96d0faca-1b23-4282-a797-117dc8c2ffe5,TRUE
4f3fda80-2f08-4fd2-8389-2591e2cd3048,TRUE
c32b1333-d068-4b69-921c-d25ed9be58e3,TRUE
68625295-f166-4db3-ab1e-7771cb82851e,TRUE
0e7cd9c9-cbe6-455b-9ea1-9553b1c38bda,TRUE
af02930e-600c-41ec-9c43-cd3d9a759e9f,TRUE
464126d4-b953-461a-8797-7a15d500b331,TRUE
769eea05-490b-4249-8dc2-e1ca0b9a6dc9,TRUE
8439b550-00dd-4cd2-a4a5-86d31d5e6198,TRUE
df7aa0ea-242a-48a0-8154-0bd41b9918b3,TRUE
6385dcfd-83be-42ba-a63f-3692e5edaf42,TRUE
dabf6837-4086-4050-9efb-2e901dca7424,TRUE
fad8c775-93c1-409c-97c6-e54f2071379c,TRUE
9dc241c6-5e07-455f-8ff1-6ddb2894aa15,TRUE
368ce696-fbc5-4b29-9405-e0b149aa2c61,TRUE
208f3bdd-5a8a-47ed-940d-e1f5f905ec12,FALSE
b77d7970-a5e4-4848-82c1-aef674008cf4,TRUE
b330241d-6f67-46bc-ab0f-77ffd9883246,TRUE
8b92e478-0c1d-4eec-b8c3-b927b35a73cc,FALSE
95a64325-8282-4cf6-b50f-49ae77128e4e,TRUE
648dae03-1b2e-4c41-8036-ba122d68e494,FALSE
6c6e79d4-bb61-4d0f-9ff2-e474a7514eda,TRUE
54702760-c4a5-44b9-bd56-78a5e3ee9ba0,TRUE
4685543c-53cf-48df-a6e4-a04af91f8747,TRUE
e9e10e97-8751-4dd8-ae1d-e732a6256a07,FALSE
e21ca193-97c8-431b-bdaa-e266dd9ce646,TRUE
1f3870b3-a728-465f-87a4-4a1dd5820f34,TRUE
eb612fd2-cc0d-4f4e-80f0-c2f9c87fb2fc,TRUE
d296d0c6-9c01-442e-a212-a0e363724001,TRUE
5674c261-f744-42e0-b3a0-44ced28f9afc,TRUE
f94b77e5-5116-4836-9386-3d3780d151cd,TRUE
acc6e1f5-1bae-4129-afc6-2c530e6bb407,TRUE
c0d12eb6-6e58-490e-8934-e99e0d199617,TRUE
8ba6334a-83d7-4264-80cd-83291e5fbbc8,TRUE
1813e60d-69bf-4aa7-8f47-06c08ab1b6e7,TRUE
91fa8b7d-7dec-4959-8951-62650d0574f0,TRUE
da0e63ef-ad7a-4b32-8012-b0a5a792ed53,TRUE
edb5ac23-8dd6-4e4f-a0d3-42f4ca79e3c9,TRUE
a6512b96-3708-4200-b862-e2f2a2714112,TRUE
52d1e18d-ef28-45a2-aa31-013117a1e20b,FALSE
deac936b-00dc-4c1d-a3e8-f7417de334dd,TRUE
a87d91ce-1769-4812-8a56-476ba69fa1f8,TRUE
e2075015-883f-49f0-989d-b81f2d47b48f,TRUE
0e65dfb7-41f7-4dc6-a7b2-3f8cfba65689,TRUE
e5dbff93-cd81-4273-98bb-4d597110a7ad,FALSE
7b15daef-1cec-4025-b49c-45c700ce3616,FALSE
933c61ba-9f76-4dbe-b8c4-dad7daf3ab69,FALSE
f3e6d8f6-3eb6-47b2-a126-692efbea9e29,TRUE
75300d63-11ea-4d0f-8a97-cf7254d614ca,TRUE
62acf8e1-a314-475b-921f-9874744a2678,TRUE
1035f9b8-23ca-43b2-9d13-46c8ab0b7e20,TRUE
1627758f-ceae-4393-b81d-718286aec775,FALSE
3e0e7415-2ced-4bf9-880d-244406323eb6,TRUE
bf0c86e6-98c2-4faf-ad40-ae19c27ac4bf,TRUE
b14df4dc-d3a4-4a00-926c-6e0d3ed029c6,TRUE
6f95337e-1e9a-4afd-88a4-338bf24dfabc,TRUE
9bca6f02-8c13-4950-9f19-0725bf04654c,TRUE
847a96ec-74ca-44a9-a119-8caab566de71,TRUE
cf049cf8-0b01-4cd3-b8b7-498a8f39513f,TRUE
5837915e-8f57-4829-a05c-a2635120cc61,TRUE
2d12c3db-b74a-4907-b57e-790a6ca97fe9,TRUE
7b3f6d67-10c7-48fc-a545-3d7e2c55adb4,TRUE
5e56f4df-59d4-4670-af37-b4b5a20b6287,TRUE
ce95148e-f890-4226-a1d0-3c74f24e9219,TRUE
c981a093-f65b-4599-8f21-e72db063a1a6,TRUE
0ab7c9a4-f598-4795-b897-402f073d3766,TRUE
a9d5f4ff-f554-43a1-998a-2eaa888cb5ae,FALSE
2043847a-5222-4648-a4b7-af3301661473,TRUE
71429eb2-8ab9-4f42-ac3b-e99501493823,TRUE
6ab1b7b5-750f-44fa-94b3-084e6bf76631,TRUE
a14a1e9d-845d-4f41-b25f-ea11cbc705a2,TRUE
ea220e11-6acb-47c8-ad91-398a215f1d88,TRUE
9bb2558f-6257-458c-8583-3a66b6ec64d8,TRUE
f6ddbccb-ee32-477c-b695-a0e56ce297ac,TRUE
bd0e997e-e7d1-4a73-a8f9-cd144c1786c8,TRUE
113f7bae-44a3-445f-8b01-3c28a5112cea,TRUE
2fdd9183-8130-46fc-b176-699bc2c98e69,FALSE
6d25fbf0-ff7f-46a9-b99a-6ac452249469,TRUE
36c86338-7b48-4c49-ae17-6b61f04d4403,TRUE
4e642604-ae93-4d04-9b32-9c3efd5ea0d8,TRUE
1ba8c2a4-8599-48c6-b874-1ad9bf22afc6,TRUE
bddc4e48-c73f-4038-97cc-03e00738be3b,TRUE
e31496dd-c077-4497-b015-64ab91961178,TRUE
1efcc9ba-c908-401a-827a-b3ba5cac74bb,TRUE
f264548c-94a5-440a-8e14-9a8bc4eb988f,TRUE
74c3c485-07f9-4cb6-9612-3b4c456bd590,TRUE
6ca8c95c-fd6d-404c-aaf2-fd5606fc83eb,TRUE
98aab960-33a9-4b60-8b43-9fa981faa9b4,TRUE
98cca119-9759-4c95-ab0e-15baee0bcfa5,TRUE
3ca94d98-60b9-4aef-9ee6-d8d3e6bf6213,FALSE
24ffea69-d9b4-4bf3-b42e-3495e0a38273,TRUE
505a3677-2e69-43a4-bd14-91e0b6ae4070,TRUE
e5af9b7d-a742-4382-a0ab-5055bdf78566,TRUE
018b1528-bdb7-49d6-af25-7396ce1ee3d2,TRUE
27d529f6-147c-42ea-824a-6dceca67bac9,TRUE
6041c0f3-a236-4070-9b91-012979555c2b,TRUE
447ef7c1-a20e-41bb-84ce-1ca0322f3035,FALSE
278c836c-1b16-441c-b1cd-e0a85b03e6a5,TRUE
6d402d8e-56a5-4167-af99-0e35b89f1c3e,TRUE
b7793231-9bb1-4555-8d7b-5d08b91f0981,TRUE
5d5c4251-d804-4420-b2e9-c85d58b1104a,TRUE
2d8a99ec-b92f-4820-aea2-aaca012bf5f9,TRUE
25c9a4f4-bc5b-4f92-8e49-978d6344afd7,TRUE
51629638-a0a3-4614-bc60-341ca97de3fa,TRUE
22590738-f766-48c1-b2c2-e085640d2201,TRUE
76ef5bd8-aeee-41a3-8033-3083f93bd48b,TRUE
98485828-f1b5-4549-98bc-b46745eec160,TRUE
7fc13689-f370-43eb-b4dc-95cc1105e72c,TRUE
c9efb378-0c13-438c-bf87-2b352267d0cb,TRUE
9599c84c-23ad-4432-9645-77344598990f,TRUE
8e1797f8-f90c-4543-87aa-85b29dc1fe8e,TRUE
3893d412-d55c-4d7d-aef1-115da1ca5ad5,TRUE
e44a711f-7b8d-471e-a940-07786c786612,TRUE
4646fc3c-42c3-4c0d-8d89-09f575c96974,TRUE
11c085b3-c53f-4b11-8ff1-3022c631b289,TRUE
1def1455-a6b1-4841-b5d1-3b7f4a33a227,TRUE
3d9abcd9-5ee2-471d-a30c-f0b10a4603e1,TRUE
fed992f3-d42e-434c-a73d-e25cc72d734e,TRUE
c9c9bfc6-bb20-45b4-bdb5-56367ebf89d0,TRUE
0489f799-8781-4bbb-a1dd-ead466648041,TRUE
52a4e2a1-22fa-46cd-a89c-de1cde6e9a6c,TRUE
5c232b28-c4b4-4ba7-9ffc-b0ebb6255fba,FALSE
6dbb14cd-6d62-4865-88c8-1571d3ba25b3,TRUE
f312d123-77da-4f16-a7ca-886b60b5bc50,TRUE
59c028dd-6d9c-4b5c-8ec9-073fa6cca9ec,FALSE
1ecd6881-1117-4728-afb1-bc5bade80041,FALSE
d9b07205-479b-4ce9-8fe3-d53509c5f2bd,TRUE
c9252183-0773-42e3-ae6d-8dad341fce3b,TRUE
459c4389-e3bd-4c76-bbbc-c567c13fc271,TRUE
84cb396f-89a5-4336-a7b7-077d6877e110,TRUE
a252d618-490d-4af8-90e2-2a0f7affe088,TRUE
e8c71c0b-78aa-42d0-b683-43044fa054ce,TRUE
564956ea-d599-4ef3-b539-124c0aa7e388,TRUE
8a42af3d-8b36-42ee-b987-b50741175c1a,TRUE
4133d748-283e-4610-b8ef-f7447d709d35,TRUE
f3ef19e5-dbcf-4bd5-8287-8e7a1bdb64a4,TRUE
8ba7fafd-d4fa-4bff-ae5f-37197822ca84,TRUE
8bca27e1-23c5-4e01-954a-0ca00fa719f1,TRUE
2184910b-8d78-4fd4-b9a1-573d93812081,TRUE
da7e4632-b46a-4b7b-af80-13af8ef5b172,TRUE
ef6004a6-af8e-474d-ac3e-9339969b049e,TRUE
28b37e3b-2a4f-470e-8a48-9870ab647ef4,TRUE
d09e19fb-4a5b-4588-b354-07483e56214e,TRUE
1ab69079-76da-4dd8-bffc-ef80cc89080b,TRUE
134ffc2f-7c61-4669-81bf-a77457605117,TRUE
5175edcc-98cf-45d4-ba84-94c122047588,TRUE
23cab461-246f-47d5-a966-5e6f2170738a,TRUE
6680d448-629b-4881-9ee7-0a1c20acc17a,TRUE
947006ac-8529-4979-807f-55d1c3fd42d6,FALSE
eafb5551-7123-47b3-b65e-1ea7bc7fb372,TRUE
cb87302f-f74e-4ae2-9d1f-4924ced10984,TRUE
9b452c51-7e3e-4078-b3fd-687cf857f444,TRUE
f989454a-7ac4-43ff-a562-dc9aaf7281d7,TRUE
805a2fb9-1885-4cfe-a169-c828d7ed50ee,TRUE
c47077bf-2f22-4e8c-ae84-d6bb879d54f6,TRUE
19537f0b-98a2-4329-b922-a6e1d18d9554,TRUE
45e0c139-bf68-4630-b1db-94f48ffcb8e7,TRUE
ae21dd87-a71b-4da9-bfbf-a58ce5d1799a,TRUE
6f79ff06-dddc-44c2-a2a2-44b62ba5cf25,TRUE
524cf633-aadf-4497-85c1-386e9289d267,TRUE
6462d2db-d73e-41cb-b64b-ef2b876d0347,TRUE
887ddd2a-f43c-4d27-bfea-9e49088c0cfc,TRUE
61bd445f-b8ec-49d5-850b-9fb463c7f089,TRUE
b34b0c07-7976-4774-9a1a-0fc5d343655b,TRUE
e04c5212-98ae-4aa2-a711-e7f1853d65bc,TRUE
0f6428c2-a03e-41fd-b043-c564df98ebdf,TRUE
1a976b9a-a3ce-42b4-b4b6-d60247ea19a3,FALSE
89786a61-a652-4d9e-b2e8-3d1266ac804b,TRUE
313f6fd8-b44d-4249-9d63-bb88172a24f5,TRUE